kecamatan;kelurahan;jumlah_kelurahan;batas_wilayah.utara;batas_wilayah.timur;batas_wilayah.selatan;batas_wilayah.barat;karakteristik_topografi;luas_wilayah;total_penduduk;link_peta
Banyumanik;-;11;Kecamatan Candisari dan Kecamatan Gajahmungkur;Kecamatan Tembalang;Kabupaten Semarang;Kecamatan Gunungpati;Perbukitan bergelombang;31.82;145708;https://drive.google.com/uc?export=download&id=1uNRjZh8EnrnR3czDbDnrN6K6IBeoW7fM
Candisari;-;7;Kecamatan Semarang Selatan;Kecamatan Tembalang;Kecamatan Banyumanik;Kecamatan Gajahmungkur;Bergelombang;6.625;76310;https://drive.google.com/uc?export=download&id=1k11_qB799xTaDArTj-F-lXSkI5idm03k
Gajahmungkur;-;8;Kecamatan Semarang Selatan;Kecamatan Candisari;Kecamatan Banyumanik dan Kecamatan Gunungpati;Kecamatan Semarang Barat;Bergelombang;9.635;57741;https://drive.google.com/uc?export=download&id=1W3PMADZpHcAGn0GsSgDWhr6Xwo86BnUE
Gayamsari;-;7;Kecamatan Genuk;Kecamatan Genuk dan Kecamatan Pedurungan;Kecamatan Semarang Selatan;Kecamatan Semarang Timur;Dataran Rendah;6.445;71402;https://drive.google.com/uc?export=download&id=1tonjmgTMSAHsCEcphbWl6oYGvdzGMORw
Genuk;-;13;Laut Jawa;Kabupaten Demak;Kecamatan Pedurungan;Kecamatan Gayamsari dan Kecamatan Semarang Utara;Dataran Rendah;27.317;130149;https://drive.google.com/uc?export=download&id=13uacI9iGmdncnaXtIh77AMuX8QU30nq5
Gunungpati;-;16;Kecamatan Gajahmungkur dan Kecamatan Ngaliyan;Kecamatan Banyumanik;Kabupaten Semarang;Kecamatan Mijen;Perbukitan;59.767;104174;https://drive.google.com/uc?export=download&id=1_tHJDgsM3tfBOF7KZ71wUFpWI6s570N-
Mijen;-;14;Kecamatan Ngaliyan;Kecamatan Gunungpati;Kabupaten Kendal;Kabupaten Kendal;Perbukitan;56.772;84486;https://drive.google.com/uc?export=download&id=1wUVrQAZVFMWCXYT-kocLYQ4fnRdhmqJ4
Ngaliyan;-;10;Kecamatan Tugu;Kecamatan Semarang Barat dan Kecamatan Gajahmungkur;Kecamatan Mijen dan Kecamatan Gunungpati;Kabupaten Kendal;Bergelombang hingga perbukitan;44.8415;144455;https://drive.google.com/uc?export=download&id=16xjZDMVZz1YHYTzpWMNkHzBjZG_ziXt5
Pedurungan;-;12;Kecamatan Genuk;Kabupaten Demak;Kecamatan Tembalang;Kecamatan Gayamsari;Dataran Rendah;21.722;199876;https://drive.google.com/uc?export=download&id=11eANL64ZITJKI59CSgaE-SUqV2C8xO0r
Semarang Barat;-;16;Laut Jawa;Kecamatan Semarang Utara, Semarang Tengah dan Semarang Selatan;Kecamatan Ngaliyan dan Kecamatan Gajahmungkur;Kecamatan Tugu;Dataran Rendah;24.999;151599;https://drive.google.com/uc?export=download&id=15N1J1XMYSqs6s6l1bkAAJxjmBezkkI1l
Semarang Selatan;-;10;Kecamatan Semarang Tengah dan Kecamatan Semarang Timur;Kecamatan Gayamsari dan Kecamatan Pedurungan;Kecamatan Candisari dan Kecamatan Gajahmungkur;Kecamatan Semarang Barat;Bergelombang;6.161;65344;https://drive.google.com/uc?export=download&id=1rMdPQEoogt0ww0IGzPVTvCGupyX0xiza
Semarang Tengah;-;15;Kecamatan Semarang Utara;Kecamatan Semarang Timur;Kecamatan Semarang Selatan;Kecamatan Semarang Barat;Dataran Rendah;5.336;56346;https://drive.google.com/uc?export=download&id=1QAR0GixkraA0YpMAXGPw8fLx8yfJ1xjr
Semarang Timur;-;10;Kecamatan Semarang Utara;Kecamatan Gayamsari;Kecamatan Semarang Selatan;Kecamatan Tengah;Dataran Rendah;5.576;68038;https://drive.google.com/uc?export=download&id=1qwZR-6kKttL366dsXYywQI7bWovWGRuu
Semarang Utara;-;9;Laut Jawa;Kecamatan Genuk;Kecamatan Semarang Timur dan Kecamatan Semarang Tengah;Kecamatan Semarang Barat;Dataran Rendah Pesisir;12.017;117639;https://drive.google.com/uc?export=download&id=1869hVQhIV5KUU-ofagvYGwQJRcL3ie6m
Tembalang;-;12;Kecamatan Candisari;Kecamatan Pedurungan dan Kabupaten Demak;Kabupaten Semarang;Kecamatan Banyumanik;Perbukitan bergelombang;40.728;195653;https://drive.google.com/uc?export=download&id=1wUVrQAZVFMWCXYT-kocLYQ4fnRdhmqJ4
Tugu;-;7;Laut Jawa;Kecamatan Semarang Barat;Kecamatan Ngaliyan;Kabupaten Kendal;Dataran Rendah Pesisir;29.196;33848;https://drive.google.com/uc?export=download&id=11Pa5bOs0Ppl8t4JzQ5wjYFvQ7tRDlGux
Gunungpati;Sumurrejo;-;Kelurahan Mangunsari dan Pakintelan;Kelurahan Pudakpayung;Kabupaten Semarang;Kelurahan Plalangan;-;3.68;3556;https://raw.githubusercontent.com/magetanciti/magetanciti.github.io/main/file/PETA%20BATAS%20KELURAHAN_33.74.12.1014.pdf
Mijen;Karangmalang;-;Kelurahan Polaman;Kabupaten Kendal;Kabupaten Kendal.;Kelurahan Bubakan;-;1.97;2819;https://raw.githubusercontent.com/magetanciti/magetanciti.github.io/main/file/PETA%20BATAS%20KELURAHAN_33.74.14.1003.pdf
Mijen;Bubakan;-;Kelurahan Tambangan dan Purwosari;Kelurahan Karangmalang dan Polaman;Kabupaten Kendal.;Kelurahan Cangkringan dan Tambangan;-;2.51;4073;https://raw.githubusercontent.com/magetanciti/magetanciti.github.io/main/file/PETA%20BATAS%20KELURAHAN_33.74.14.1002.pdf
Mijen;Polaman;-;Kelurahan Purwosari dan Cepoko;Kelurahan Cepoko dan Kabupaten Kendal;Kelurahan Karangmalang;Kelurahan Bubakan;-;1.78;1972;https://raw.githubusercontent.com/magetanciti/magetanciti.github.io/main/file/PETA%20BATAS%20KELURAHAN_33.74.14.1004.pdf
Gunungpati;Plalangan;-;Kelurahan Nongkosawit dan Ngijo;Kelurahan Mangunsari dan Sumurrejo;Kabupaten Semarang;Kelurahan Gunungpati;-;3.54;7050;https://raw.githubusercontent.com/magetanciti/magetanciti.github.io/main/file/PETA%20BATAS%20KELURAHAN_33.74.12.1003.pdf
Mijen;Cangkiran;-;Kelurahan Jatisari;Kelurahan Tambangan dan Bubakan;Kabupaten Kendal;Kabupaten Kendal;-;2.4;5144;https://raw.githubusercontent.com/magetanciti/magetanciti.github.io/main/file/PETA%20BATAS%20KELURAHAN_33.74.14.1001.pdf
Banyumanik;Pudakpayung;-;Kelurahan Banyumanik;Kelurahan Gedawang dan Kabupaten Semarang;Kabupaten Semarang;Kelurahan Pakintelan dan Sumurrejo;-;6.18;24907;https://raw.githubusercontent.com/magetanciti/magetanciti.github.io/main/file/PETA%20BATAS%20KELURAHAN_33.74.11.1001.pdf
Gunungpati;Pakintelan;-;Kelurahan Patemon;Kelurahan Banyumanik dan Pudakpayung;Kelurahan Sumurrejo;Kelurahan Mangunsari;-;3.76;6615;https://raw.githubusercontent.com/magetanciti/magetanciti.github.io/main/file/PETA%20BATAS%20KELURAHAN_33.74.12.1001.pdf
Banyumanik;Gedawang;-;Kelurahan Padangsari dan Jabungan;Kelurahan Jabungan;Kelurahan Pudakpayung dan Kabupaten Semarang;Kelurahan Banyumanik dan Pudakpayung;-;3.82;11443;https://raw.githubusercontent.com/magetanciti/magetanciti.github.io/main/file/PETA%20BATAS%20KELURAHAN_33.74.11.1002.pdf
Gunungpati;Mangunsari;-;Kelurahan Ngijo;Kelurahan Patemon dan Pakintelan;Kelurahan Sumurrejo;Kelurahan Plalangan;-;3.39;4293;https://raw.githubusercontent.com/magetanciti/magetanciti.github.io/main/file/PETA%20BATAS%20KELURAHAN_33.74.12.1002.pdf
Gunungpati;Gunungpati;-;Kelurahan Cepoko dan Nongkosawit;Kelurahan Plalangan;Kabupaten Semarang;Kabupaten Kendal;-;4.86;4320;https://raw.githubusercontent.com/magetanciti/magetanciti.github.io/main/file/PETA%20BATAS%20KELURAHAN_33.74.12.1004.pdf
Banyumanik;Banyumanik;-;Kelurahan Srondol Wetan, Srondol Kulon, dan Padangsari;Kelurahan Gedawang dan Padangsari;Kelurahan Pudakpayung;Kelurahan Pakintelan dan Patemon;-;1.82;12702;https://raw.githubusercontent.com/magetanciti/magetanciti.github.io/main/file/PETA%20BATAS%20KELURAHAN_33.74.11.1005.pdf
Banyumanik;Jabungan;-;Kelurahan Kramas dan Meteseh;Kabupaten Semarang;Kelurahan Gedawang dan Kabupaten Semarang;Kelurahan Padangsari dan Gedawang;-;3.88;4819;https://raw.githubusercontent.com/magetanciti/magetanciti.github.io/main/file/PETA%20BATAS%20KELURAHAN_33.74.11.1003.pdf
Banyumanik;Padangsari;-;Kelurahan Pedalangan dan Kramas;Kelurahan Jabungan;Kelurahan Gedawang;Kelurahan Banyumanik dan Srondol Wetan;-;1.29;12262;https://raw.githubusercontent.com/magetanciti/magetanciti.github.io/main/file/PETA%20BATAS%20KELURAHAN_33.74.11.1010.pdf
Mijen;Purwosari;-;Kelurahan Mijen dan Jatibarang;Kelurahan Cepoko;Kelurahan Bubakan dan Polaman;Kelurahan Tambangan;-;4.38;5190;https://raw.githubusercontent.com/magetanciti/magetanciti.github.io/main/file/PETA%20BATAS%20KELURAHAN_33.74.14.1005.pdf
Mijen;Tambangan;-;Kelurahan Mijen dan Jatisari;Kelurahan Purwosari;Kelurahan Bubakan;Kelurahan Cangkiran dan Jatisari;-;2.84;5464;https://raw.githubusercontent.com/magetanciti/magetanciti.github.io/main/file/PETA%20BATAS%20KELURAHAN_33.74.14.1006.pdf
Tembalang;Kramas;-;Kelurahan Bulusan;Kelurahan Meteseh;Kelurahan Jabungan;Kelurahan Padangsari dan Pedalangan;-;1.15;4631;https://raw.githubusercontent.com/magetanciti/magetanciti.github.io/main/file/PETA%20BATAS%20KELURAHAN_33.74.10.1005.pdf
Gunungpati;Cepoko;-;Kelurahan Kandri dan Jatirejo;Kelurahan Nongkosawit dan Gunungpati;Kelurahan Polaman, Gunungpati, dan Kabupaten Kendal;Kelurahan Purwosari dan Jatibarang;-;2.83;6414;https://raw.githubusercontent.com/magetanciti/magetanciti.github.io/main/file/PETA%20BATAS%20KELURAHAN_33.74.12.1012.pdf
Gunungpati;Nongkosawit;-;Kelurahan Pongangan;Kelurahan Ngijo;Kelurahan Plalangan dan Gunungpati;Kelurahan Cepoko;-;2.38;5832;https://raw.githubusercontent.com/magetanciti/magetanciti.github.io/main/file/PETA%20BATAS%20KELURAHAN_33.74.12.1005.pdf
Banyumanik;Srondol Wetan;-;Kelurahan Sumurboto dan Pedalangan;Kelurahan Pedalangan dan Padangsari;Kelurahan Banyumanik;Kelurahan Srondol Kulon;-;1.94;21125;https://raw.githubusercontent.com/magetanciti/magetanciti.github.io/main/file/PETA%20BATAS%20KELURAHAN_33.74.11.1007.pdf
Mijen;Jatisari;-;Kelurahan Wonoplumbon dan Wonolopo;Kelurahan Mijen dan Tambangan;Kelurahan Cangkiran;Kabupaten Kendal;-;2.48;12834;https://raw.githubusercontent.com/magetanciti/magetanciti.github.io/main/file/PETA%20BATAS%20KELURAHAN_33.74.14.1013.pdf
Gunungpati;Patemon;-;Kelurahan Sekaran;Kelurahan Srondol Kulon dan Banyumanik;Kelurahan Pakintelan;Kelurahan Mangunsari, Ngijo, dan Kalisegoro;-;3.6;6416;https://raw.githubusercontent.com/magetanciti/magetanciti.github.io/main/file/PETA%20BATAS%20KELURAHAN_33.74.12.1008.pdf
Gunungpati;Ngijo;-;Kelurahan Kalisegoro;Kelurahan Patemon;Kelurahan Mangunsari dan Plalangan;Kelurahan Nongkosawit dan Pongangan;-;3.01;6224;https://raw.githubusercontent.com/magetanciti/magetanciti.github.io/main/file/PETA%20BATAS%20KELURAHAN_33.74.12.1007.pdf
Banyumanik;Pedalangan;-;Kelurahan Sumurboto dan Tembalang;Kelurahan Kramas, Bulusan, dan Tembalang;Kelurahan Padangsari;Kelurahan Srondol Wetan;-;2.44;12032;https://raw.githubusercontent.com/magetanciti/magetanciti.github.io/main/file/PETA%20BATAS%20KELURAHAN_33.74.11.1004.pdf
Tembalang;Rowosari;-;Kabupaten Demak;Kabupaten Demak;Kabupaten Semarang;Kelurahan Meteseh;-;7.83;14302;https://raw.githubusercontent.com/magetanciti/magetanciti.github.io/main/file/PETA%20BATAS%20KELURAHAN_33.74.10.1002.pdf
Mijen;Mijen;-;Kelurahan Jatibarang, Pesantren, dan Ngadirgo;Kelurahan Jatibarang;Kelurahan Purwosari dan Tambangan;Kelurahan Jatisari, Wonolopo, dan Ngadirgo;-;4.25;8036;https://raw.githubusercontent.com/magetanciti/magetanciti.github.io/main/file/PETA%20BATAS%20KELURAHAN_33.74.14.1008.pdf
Tembalang;Meteseh;-;Kelurahan Mangunharjo dan Sendangmulyo;Kelurahan Rowosari;Kelurahan Jabungan dan Kabupaten Semarang;Kelurahan Kramas dan Kelurahan Bulusan;-;5.63;24948;https://raw.githubusercontent.com/magetanciti/magetanciti.github.io/main/file/PETA%20BATAS%20KELURAHAN_33.74.10.1001.pdf
Banyumanik;Sumurboto;-;Kelurahan Tinjomoyo dan Ngesrep;Kelurahan Pedalangan dan Tembalang;Kelurahan Srondol Wetan dan Pedalangan;Kelurahan Srondol Kulon;-;1.72;9482;https://raw.githubusercontent.com/magetanciti/magetanciti.github.io/main/file/PETA%20BATAS%20KELURAHAN_33.74.11.1011.pdf
Tembalang;Bulusan;-;Kelurahan Mangunharjo;Kelurahan Meteseh;Kelurahan Meteseh dan Kramas;Kelurahan Tembalang;-;4.43;6564;https://raw.githubusercontent.com/magetanciti/magetanciti.github.io/main/file/PETA%20BATAS%20KELURAHAN_33.74.10.1004.pdf
Gunungpati;Jatirejo;-;Kelurahan Kedungpane dan Kandri;Kelurahan Kandri dan Cepoko;Kelurahan Cepoko dan Jatibarang;Kelurahan Jatibarang dan Kedungpane;-;2.27;2408;https://raw.githubusercontent.com/magetanciti/magetanciti.github.io/main/file/PETA%20BATAS%20KELURAHAN_33.74.12.1013.pdf
Mijen;Jatibarang;-;Kelurahan Kedungpane dan Pesantren;Kelurahan Jatirejo dan Kedungpane;Kelurahan Purwosari, Mijen, dan Cepoko;Kelurahan Mijen dan Pesantren;-;2.99;3684;https://raw.githubusercontent.com/magetanciti/magetanciti.github.io/main/file/PETA%20BATAS%20KELURAHAN_33.74.14.1009.pdf
Mijen;Wonolopo;-;Kelurahan Ngadirgo;Kelurahan Mijen dan Ngadirgo;Kelurahan Jatisari;Kelurahan Wonoplumbon;-;3.55;11428;https://raw.githubusercontent.com/magetanciti/magetanciti.github.io/main/file/PETA%20BATAS%20KELURAHAN_33.74.14.1007.pdf
Banyumanik;Srondol Kulon;-;Kelurahan Tinjomoyo;Kelurahan Sumurboto dan Srondol Wetan;Kelurahan Banyumanik;Kelurahan Sekaran dan Patemon;-;3.43;13108;https://raw.githubusercontent.com/magetanciti/magetanciti.github.io/main/file/PETA%20BATAS%20KELURAHAN_33.74.11.1006.pdf
Gunungpati;Kalisegoro;-;Kelurahan Sekaran;Kelurahan Sekaran dan Patemon;Kelurahan Ngijo;Kelurahan Pongangan;-;3.42;8088;https://raw.githubusercontent.com/magetanciti/magetanciti.github.io/main/file/PETA%20BATAS%20KELURAHAN_33.74.12.1015.pdf
Gunungpati;Pongangan;-;Kelurahan Sadeng;Kelurahan Kalisegoro dan Ngijo;Kelurahan Nongkosawit dan Ngijo;Kelurahan Kandri;-;3.67;9354;https://raw.githubusercontent.com/magetanciti/magetanciti.github.io/main/file/PETA%20BATAS%20KELURAHAN_33.74.12.1006.pdf
Tembalang;Tembalang;-;Kelurahan Jangli dan Sambiroto;Kelurahan Sambiroto, Bulusan, dan Mangunharjo;Kelurahan Bulusan dan Pedalangan;Kelurahan Sumurboto dan Ngesrep;-;3.54;5833;https://raw.githubusercontent.com/magetanciti/magetanciti.github.io/main/file/PETA%20BATAS%20KELURAHAN_33.74.10.1006.pdf
Gunungpati;Sekaran;-;Kelurahan Sukorejo;Kelurahan Srondol Kulon;Kelurahan Patemon dan Kalisegoro;Kelurahan Sadeng, Kalisegoro, dan Pongangan;-;5.98;5131;https://raw.githubusercontent.com/magetanciti/magetanciti.github.io/main/file/PETA%20BATAS%20KELURAHAN_33.74.12.1009.pdf
Tembalang;Mangunharjo;-;Kelurahan Sambiroto dan Sendangmulyo;Kelurahan Sendangmulyo;Kelurahan Meteseh dan Bulusan;Kelurahan Tembalang dan Sambiroto;-;2.57;13060;https://raw.githubusercontent.com/magetanciti/magetanciti.github.io/main/file/PETA%20BATAS%20KELURAHAN_33.74.10.1003.pdf
Banyumanik;Ngesrep;-;Kelurahan Jatingaleh dan Karanganyar Gunung;Kelurahan Jangli dan      Tembalang;Kelurahan Sumurboto;Kelurahan Tinjomoyo;-;2.63;14163;https://raw.githubusercontent.com/magetanciti/magetanciti.github.io/main/file/PETA%20BATAS%20KELURAHAN_33.74.11.1008.pdf
Gunungpati;Kandri;-;Kelurahan Kedungpane dan Sadeng;Kelurahan Pongangan dan Sadeng;Kelurahan Cepoko dan Nongkosawit;Kelurahan Jatirejo dan Kedungpane;-;4.19;7931;https://raw.githubusercontent.com/magetanciti/magetanciti.github.io/main/file/PETA%20BATAS%20KELURAHAN_33.74.12.1016.pdf
Tembalang;Sendangmulyo;-;Kelurahan Kedungmundu dan Pedurungan Kidul;Kelurahan Pedurungan Kidul dan Kabupaten Demak;Kelurahan Meteseh dan Kabupaten Demak;Kelurahan Mangunharjo dan Sambiroto;-;4.45;40373;https://raw.githubusercontent.com/magetanciti/magetanciti.github.io/main/file/PETA%20BATAS%20KELURAHAN_33.74.10.1011.pdf
Banyumanik;Tinjomoyo;-;Kelurahan Karangrejo dan Bendan Dhuwur;Kelurahan Ngesrep dan Sumurboto;Kelurahan Srondol Kulon;Kelurahan Sekaran dan Sukorejo;-;2.69;9665;https://raw.githubusercontent.com/magetanciti/magetanciti.github.io/main/file/PETA%20BATAS%20KELURAHAN_33.74.11.1009.pdf
Mijen;Ngadirgo;-;Kelurahan Podorejo;Kelurahan Pesantren;Kelurahan Wonolopo dan Mijen;Kelurahan Wonoplumbon;-;4.16;7457;https://raw.githubusercontent.com/magetanciti/magetanciti.github.io/main/file/PETA%20BATAS%20KELURAHAN_33.74.14.1011.pdf
Tembalang;Sambiroto;-;Kelurahan Kedungmundu dan Tandang;Kelurahan Sendangmulyo dan Mangunharjo;Kelurahan Mangunharjo dan Tembalang;Kelurahan Tandang dan Jangli;-;2.51;16306;https://raw.githubusercontent.com/magetanciti/magetanciti.github.io/main/file/PETA%20BATAS%20KELURAHAN_33.74.10.1012.pdf
Gajahmungkur;Karangrejo;-;Kelurahan Gajahmungkur;Kelurahan Kaliwiru dan Jatingaleh;Kelurahan Tinjomoyo;Kelurahan Bendan Dhuwur dan Gajahmungkur;-;1.29;6786;https://raw.githubusercontent.com/magetanciti/magetanciti.github.io/main/file/PETA%20BATAS%20KELURAHAN_33.74.09.1001.pdf
Mijen;Pesantren;-;Kelurahan Wates;Kelurahan Kedungpane dan Jatibarang;Kelurahan Jatibarang, Ngadirgo, dan Mijen;Kelurahan Ngadirgo dan Podorejo;-;6.34;3296;https://raw.githubusercontent.com/magetanciti/magetanciti.github.io/main/file/PETA%20BATAS%20KELURAHAN_33.74.14.1014.pdf
Gunungpati;Sadeng;-;Kelurahan Kalipancur dan Bambankerep;Kelurahan Sukorejo dan Sekaran;Kelurahan Pongangan dan Kandri;Kelurahan Kedungpane dan Kandri;-;4.55;15428;https://raw.githubusercontent.com/magetanciti/magetanciti.github.io/main/file/PETA%20BATAS%20KELURAHAN_33.74.12.1011.pdf
Candisari;Jatingaleh;-;Kelurahan Kaliwiru dan Karanganyar Gunung;Kelurahan Karanganyar Gunung;Kelurahan Ngesrep;Kelurahan Karangrejo dan Kaliwiru;-;1.2;11385;https://raw.githubusercontent.com/magetanciti/magetanciti.github.io/main/file/PETA%20BATAS%20KELURAHAN_33.74.08.1002.pdf
Gunungpati;Sukorejo;-;Kelurahan Kalipancur dan Bendan Dhuwur;Kelurahan Tinjomoyo dan Bendan Dhuwur;Kelurahan Sekaran;Kelurahan Sadeng;-;4.68;5114;https://raw.githubusercontent.com/magetanciti/magetanciti.github.io/main/file/PETA%20BATAS%20KELURAHAN_33.74.12.1010.pdf
Tembalang;Kedungmundu;-;Kelurahan Sendangguwo, Pedurungan Kidul, dan Gemah;Kelurahan Pedurungan Kidul;Kelurahan Sendangmulyo dan Sambiroto;Kelurahan Tandang dan Sendangguwo;-;1.87;13086;https://raw.githubusercontent.com/magetanciti/magetanciti.github.io/main/file/PETA%20BATAS%20KELURAHAN_33.74.10.1009.pdf
Candisari;Kaliwiru;-;Kelurahan Wonotingal dan Candi;Kelurahan Karanganyar Gunung dan Jatingaleh;Kelurahan Jatingaleh dan Karangrejo;Kelurahan Karangrejo dan Kelurahan Gajahmungkur;-;0.53;2985;https://raw.githubusercontent.com/magetanciti/magetanciti.github.io/main/file/PETA%20BATAS%20KELURAHAN_33.74.08.1003.pdf
Pedurungan;Plamongansari;-;Kelurahan Penggaron Kidul dan Pedurungan Lor;Kabupaten Demak;Kabupaten Demak;Kelurahan Pedurungan Kidul;-;2.63;15057;https://raw.githubusercontent.com/magetanciti/magetanciti.github.io/main/file/PETA%20BATAS%20KELURAHAN_33.74.06.1006.pdf
Gajahmungkur;Bendan Dhuwur;-;Kelurahan Sampangan, Gajahmungkur, dan Bendan Ngisor;Kelurahan Gajahmungkur dan Karangrejo;Kelurahan Tinjomoyo dan Sukorejo;Kelurahan Kalipancur;-;1.03;4238;https://raw.githubusercontent.com/magetanciti/magetanciti.github.io/main/file/PETA%20BATAS%20KELURAHAN_33.74.09.1002.pdf
Tembalang;Jangli;-;Kelurahan Jomblang dan Tandang;Kelurahan Tandang dan Sambiroto;Kelurahan Tembalang dan Ngesrep;Kelurahan Ngesrep dan Karanganyar Gunung;-;3.38;8310;https://raw.githubusercontent.com/magetanciti/magetanciti.github.io/main/file/PETA%20BATAS%20KELURAHAN_33.74.10.1007.pdf
Mijen;Kedungpane;-;Kelurahan Ngaliyan dan Bambankerep;Kelurahan Sadeng dan Kandri;Kelurahan Jatirejo dan Jatibarang;Kelurahan Pesantren dan Wates;-;7.08;8561;https://raw.githubusercontent.com/magetanciti/magetanciti.github.io/main/file/PETA%20BATAS%20KELURAHAN_33.74.14.1010.pdf
Candisari;Karanganyar Gunung;-;Kelurahan Candi dan Jomblang;Kelurahan Jangli;Kelurahan Ngesrep;Kelurahan Jatingaleh dan Kaliwiru;-;1.12;10904;https://raw.githubusercontent.com/magetanciti/magetanciti.github.io/main/file/PETA%20BATAS%20KELURAHAN_33.74.08.1005.pdf
Mijen;Wonoplumbon;-;Kabupaten Kendal dan Kelurahan Podorejo;Kelurahan Ngadirgo, Podorejo, dan Wonolopo;Kabupaten Kendal dan Kelurahan Jatisari;Kabupaten Kendal;-;10.08;4528;https://raw.githubusercontent.com/magetanciti/magetanciti.github.io/main/file/PETA%20BATAS%20KELURAHAN_33.74.14.1012.pdf
Tembalang;Tandang;-;Kelurahan Sendangguwo;Kelurahan Sambiroto dan Kedungmundu;Kelurahan Jangli dan Sambirejo;Kelurahan Jomblang;-;1.94;24961;https://raw.githubusercontent.com/magetanciti/magetanciti.github.io/main/file/PETA%20BATAS%20KELURAHAN_33.74.10.1008.pdf
Pedurungan;Pedurungan Kidul;-;Kelurahan Pedurungan Lor dan Pedurungan Tengah;Kelurahan Plamongansari;Kelurahan Kedungmundu dan Sendangmulyo;Kelurahan Gemah, Kedungmundu, dan Sendangmulyo;-;1.49;14715;https://raw.githubusercontent.com/magetanciti/magetanciti.github.io/main/file/PETA%20BATAS%20KELURAHAN_33.74.06.1008.pdf
Candisari;Jomblang;-;Kelurahan Lamper Kidul dan Lamper Tengah;Kelurahan Tandang dan Jangli;Kelurahan Karanganyar Gunung dan Jangli;Kelurahan Candi;-;1.26;19602;https://raw.githubusercontent.com/magetanciti/magetanciti.github.io/main/file/PETA%20BATAS%20KELURAHAN_33.74.08.1004.pdf
Candisari;Wonotingal;-;Kelurahan Lempongsari dan Tegalsari;Kelurahan Candi;Kelurahan Kaliwiru;Kelurahan Gajahmungkur;-;0.82;7608;https://raw.githubusercontent.com/magetanciti/magetanciti.github.io/main/file/PETA%20BATAS%20KELURAHAN_33.74.08.1007.pdf
Tembalang;Sendangguwo;-;Kelurahan Gemah;Kelurahan Kedungmundu;Kelurahan Kedungmundu dan Tandang;Kelurahan Lamper Tengah;-;1.45;23279;https://raw.githubusercontent.com/magetanciti/magetanciti.github.io/main/file/PETA%20BATAS%20KELURAHAN_33.74.10.1010.pdf
Gajahmungkur;Sampangan;-;Kelurahan Ngemplak Simongan dan Petompon;Kelurahan Bendan Ngisor;Kelurahan Bendan Dhuwur;Kelurahan Manyaran;-;0.98;10611;https://raw.githubusercontent.com/magetanciti/magetanciti.github.io/main/file/PETA%20BATAS%20KELURAHAN_33.74.09.1004.pdf
Gajahmungkur;Bendan Ngisor;-;Kelurahan Petompon;Kelurahan Gajahmungkur;Kelurahan Bendan Dhuwur;Kelurahan Sampangan;-;0.9;5679;https://raw.githubusercontent.com/magetanciti/magetanciti.github.io/main/file/PETA%20BATAS%20KELURAHAN_33.74.09.1003.pdf
Semarang Selatan;Lamper Kidul;-;Kelurahan Lamper Lor dan Peterongan;Kelurahan Lamper Tengah;Kelurahan Jomblang;Kelurahan Candi;-;0.43;4050;https://raw.githubusercontent.com/magetanciti/magetanciti.github.io/main/file/PETA%20BATAS%20KELURAHAN_33.74.07.1009.pdf
Candisari;Candi;-;Kelurahan Wonodri;Kelurahan Lamper Kidul dan Jomblang;Kelurahan Karanganyar Gunung dan Kaliwiru;Kelurahan Wonotingal dan Tegalsari;-;0.68;10931;https://raw.githubusercontent.com/magetanciti/magetanciti.github.io/main/file/PETA%20BATAS%20KELURAHAN_33.74.08.1001.pdf
Gajahmungkur;Gajahmungkur;-;Kelurahan Petompon, Bendungan, dan Lempongsari;Kelurahan Wonotingal dan Kaliwiru;Kelurahan Karangrejo;Kelurahan Bendan Ngisor dan Bendan Dhuwur;-;3.24;15440;https://raw.githubusercontent.com/magetanciti/magetanciti.github.io/main/file/PETA%20BATAS%20KELURAHAN_33.74.09.1005.pdf
Pedurungan;Gemah;-;Kelurahan Palebon, Pedurungan Tengah, dan Kalicari;Kelurahan Pedurungan Kidul;Kelurahan Sendangguwo dan Kedungmundu;Kelurahan Gayamsari;-;1.26;16134;https://raw.githubusercontent.com/magetanciti/magetanciti.github.io/main/file/PETA%20BATAS%20KELURAHAN_33.74.06.1007.pdf
Pedurungan;Pedurungan Lor;-;Kelurahan Tlogomulyo;Kelurahan Penggaron Kidul;Kelurahan Pedurungan Kidul dan Plamongansari;Kelurahan Pedurungan Tengah;-;1.49;10468;https://raw.githubusercontent.com/magetanciti/magetanciti.github.io/main/file/PETA%20BATAS%20KELURAHAN_33.74.06.1009.pdf
Semarang Selatan;Lamper Tengah;-;Kelurahan Pandean Lamper dan Gayamsari;Kelurahan Sendangguwo;Kelurahan Jomblang;Kelurahan Lamper Kidul dan Lamper Lor;-;0.74;11896;https://raw.githubusercontent.com/magetanciti/magetanciti.github.io/main/file/PETA%20BATAS%20KELURAHAN_33.74.07.1010.pdf
Ngaliyan;Kalipancur;-;Kelurahan Purwoyoso, Manyaran, dan Kembangarum;Kelurahan Manyaran dan Bendan Dhuwur;Kelurahan Sukorejo dan Sadeng;Kelurahan Bambankerep;-;2.27;21048;https://raw.githubusercontent.com/magetanciti/magetanciti.github.io/main/file/PETA%20BATAS%20KELURAHAN_33.74.15.1005.pdf
Ngaliyan;Wates;-;Kelurahan Gondoriyo dan Bringin;Kelurahan Ngaliyan dan Kedungpane;Kelurahan Pesantren;Kelurahan Podorejo;-;5.03;6336;https://raw.githubusercontent.com/magetanciti/magetanciti.github.io/main/file/PETA%20BATAS%20KELURAHAN_33.74.15.1010.pdf
Semarang Selatan;Lamper Lor;-;Kelurahan Pandean Lamper;Kelurahan Lamper Tengah;Kelurahan Lamper Kidul;Kelurahan Peterongan;-;0.35;5548;https://raw.githubusercontent.com/magetanciti/magetanciti.github.io/main/file/PETA%20BATAS%20KELURAHAN_33.74.07.1008.pdf
Ngaliyan;Bambankerep;-;Kelurahan Purwoyoso;Kelurahan Kalipancur;Kelurahan Sadeng dan Kedungpane;Kelurahan Ngaliyan;-;3.34;6409;https://raw.githubusercontent.com/magetanciti/magetanciti.github.io/main/file/PETA%20BATAS%20KELURAHAN_33.74.15.1006.pdf
Pedurungan;Penggaron Kidul;-;Kabupaten Demak;Kabupaten Demak;Kelurahan Plamongansari;Kelurahan Pedurungan Lor dan Tlogomulyo;-;2.28;8041;https://raw.githubusercontent.com/magetanciti/magetanciti.github.io/main/file/PETA%20BATAS%20KELURAHAN_33.74.06.1001.pdf
Candisari;Tegalsari;-;Kelurahan Pleburan dan Wonodri;Kelurahan Candi;Kelurahan Wonotingal;Kelurahan Lempongsari;-;1.03;12895;https://raw.githubusercontent.com/magetanciti/magetanciti.github.io/main/file/PETA%20BATAS%20KELURAHAN_33.74.08.1006.pdf
Semarang Barat;Manyaran;-;Kelurahan Kalibanteng Kidul, Gisikdrono, dan Ngemplak Simongan;Kelurahan Sampangan;Kelurahan Kalipancur;Kelurahan Kembangarum;-;1.77;18174;https://raw.githubusercontent.com/magetanciti/magetanciti.github.io/main/file/PETA%20BATAS%20KELURAHAN_33.74.13.1002.pdf
Gajahmungkur;Lempongsari;-;Kelurahan Mugasari dan Randusari;Kelurahan Tegalsari;Kelurahan Gajahmungkur dan Wonotingal;Kelurahan Bendungan;-;0.84;5361;https://raw.githubusercontent.com/magetanciti/magetanciti.github.io/main/file/PETA%20BATAS%20KELURAHAN_33.74.09.1006.pdf
Gajahmungkur;Bendungan;-;Kelurahan Randusari;Kelurahan Lempongsari;Kelurahan Gajahmungkur;Kelurahan Petompon;-;0.46;3841;https://raw.githubusercontent.com/magetanciti/magetanciti.github.io/main/file/PETA%20BATAS%20KELURAHAN_33.74.09.1008.pdf
Pedurungan;Pedurungan Tengah;-;Kelurahan Tlogosari Wetan dan Tlogomulyo;Kelurahan Pedurungan Lor;Kelurahan Pedurungan Kidul dan Gemah;Kelurahan Tlogosari Kulon dan Palebon;-;1.85;16992;https://raw.githubusercontent.com/magetanciti/magetanciti.github.io/main/file/PETA%20BATAS%20KELURAHAN_33.74.06.1010.pdf
Gajahmungkur;Petompon;-;Kelurahan Barusari dan Randusari;Kelurahan Bendungan;Kelurahan Gajahmungkur, Sampangan, dan Bendan Ngisor;Kelurahan Ngemplak Simongan;-;0.9;5785;https://raw.githubusercontent.com/magetanciti/magetanciti.github.io/main/file/PETA%20BATAS%20KELURAHAN_33.74.09.1007.pdf
Ngaliyan;Bringin;-;Kelurahan Tambakaji dan Gondoriyo;Kelurahan Ngaliyan;Kelurahan Wates;Kelurahan Gondoriyo;-;2.96;18502;https://raw.githubusercontent.com/magetanciti/magetanciti.github.io/main/file/PETA%20BATAS%20KELURAHAN_33.74.15.1003.pdf
Semarang Selatan;Peterongan;-;Kelurahan Karangturi dan Karangtempel;Kelurahan Lamper Lor dan Pandean Lamper;Kelurahan Lamper Kidul;Kelurahan Wonodri;-;0.6;5865;https://raw.githubusercontent.com/magetanciti/magetanciti.github.io/main/file/PETA%20BATAS%20KELURAHAN_33.74.07.1007.pdf
Ngaliyan;Ngaliyan;-;Kelurahan Purwoyoso dan Tambakaji;Kelurahan Bambankerep;Kelurahan Kedungpane;Kelurahan Wates, Tambakaji, dan Bringin;-;5.29;13085;https://raw.githubusercontent.com/magetanciti/magetanciti.github.io/main/file/PETA%20BATAS%20KELURAHAN_33.74.15.1007.pdf
Semarang Selatan;Wonodri;-;Kelurahan Karang Kidul;Kelurahan Peterongan;Kelurahan Candi dan Tegalsari;Kelurahan Pleburan;-;0.73;9445;https://raw.githubusercontent.com/magetanciti/magetanciti.github.io/main/file/PETA%20BATAS%20KELURAHAN_33.74.07.1006.pdf
Pedurungan;Palebon;-;Kelurahan Tlogosari Kulon;Kelurahan Pedurungan Tengah;Kelurahan Gemah;Kelurahan Kalicari;-;1.4;14986;https://raw.githubusercontent.com/magetanciti/magetanciti.github.io/main/file/PETA%20BATAS%20KELURAHAN_33.74.06.1011.pdf
Semarang Barat;Ngemplak Simongan;-;Kelurahan Bojongsalaman dan Bongsari;Kelurahan Barusari dan Petompon;Kelurahan Sampangan, Petompon, dan Manyaran;Kelurahan Bongsari dan Gisikdrono;-;0.84;12742;https://raw.githubusercontent.com/magetanciti/magetanciti.github.io/main/file/PETA%20BATAS%20KELURAHAN_33.74.13.1001.pdf
Gayamsari;Gayamsari;-;Kelurahan Siwalan;Kelurahan Kalicari dan Gemah;Kelurahan Lamper Tengah;Kelurahan Pandean Lamper;-;1.22;12055;https://raw.githubusercontent.com/magetanciti/magetanciti.github.io/main/file/PETA%20BATAS%20KELURAHAN_33.74.04.1007.pdf
Semarang Selatan;Pleburan;-;Kelurahan Karang Kidul dan Pekunden;Kelurahan Wonodri;Kelurahan Tegalsari;Kelurahan Mugasari;-;0.81;4156;https://raw.githubusercontent.com/magetanciti/magetanciti.github.io/main/file/PETA%20BATAS%20KELURAHAN_33.74.07.1005.pdf
Gayamsari;Pandean Lamper;-;Kelurahan Sambirejo;Kelurahan Gayamsari;Kelurahan Lamper Tengah dan Lamper Lor;Kelurahan Karangtempel dan Peterongan;-;1.07;1408;https://raw.githubusercontent.com/magetanciti/magetanciti.github.io/main/file/PETA%20BATAS%20KELURAHAN_33.74.04.1006.pdf
Semarang Barat;Bongsari;-;Kelurahan Salamanmloyo, Gisikdrono, dan Bojongsalaman;Kelurahan Ngemplak Simongan dan Bojongsalaman;Kelurahan Ngemplak Simongan;Kelurahan Gisikdrono;-;0.86;12541;https://raw.githubusercontent.com/magetanciti/magetanciti.github.io/main/file/PETA%20BATAS%20KELURAHAN_33.74.13.1008.pdf
Ngaliyan;Purwoyoso;-;Kelurahan Jekarah dan Krapyak;Kelurahan Kembangarum;Kelurahan Kalipancur, Bambankerep, dan Ngaliyan;Kelurahan Tambakaji;-;2.11;15275;https://raw.githubusercontent.com/magetanciti/magetanciti.github.io/main/file/PETA%20BATAS%20KELURAHAN_33.74.15.1004.pdf
Semarang Selatan;Mugasari;-;Kelurahan Pekunden;Kelurahan Pleburan;Kelurahan Lempongsari;Kelurahan Randusari;-;0.81;7028;https://raw.githubusercontent.com/magetanciti/magetanciti.github.io/main/file/PETA%20BATAS%20KELURAHAN_33.74.07.1004.pdf
Semarang Barat;Kembangarum;-;Kelurahan Krapyak;Kelurahan Kalibanteng Kulon, Kalibanteng Kidul, dan Manyaran;Kelurahan Kalipancur dan Manyaran;Kelurahan Purwoyoso;-;1.89;19401;https://raw.githubusercontent.com/magetanciti/magetanciti.github.io/main/file/PETA%20BATAS%20KELURAHAN_33.74.13.1016.pdf
Semarang Tengah;Karang Kidul;-;Kelurahan Jagalan dan Brumbungan;Kelurahan Karangturi;Kelurahan Wonodri dan Kelurahan Pleburan;Kelurahan Pekunden;-;0.51;3768;https://raw.githubusercontent.com/magetanciti/magetanciti.github.io/main/file/PETA%20BATAS%20KELURAHAN_33.74.01.1012.pdf
Semarang Timur;Karangtempel;-;Kelurahan Rejosari;Kelurahan Pandean Lamper dan Sambirejo;Kelurahan Peterongan;Kelurahan Karangturi;-;0.74;3564;https://raw.githubusercontent.com/magetanciti/magetanciti.github.io/main/file/PETA%20BATAS%20KELURAHAN_33.74.03.1010.pdf
Semarang Timur;Karangturi;-;Kelurahan Sarirejo;Kelurahan Karangtempel;Kelurahan Peterongan;Kelurahan Karang Kidul;-;0.28;2817;https://raw.githubusercontent.com/magetanciti/magetanciti.github.io/main/file/PETA%20BATAS%20KELURAHAN_33.74.03.1009.pdf
Semarang Barat;Kalibanteng Kidul;-;Kelurahan Gisikdrono dan Kalibanteng Kulon;Kelurahan Gisikdrono;Kelurahan Manyaran;Kelurahan Kalibanteng Kulon dan Kembangarum;-;0.44;4980;https://raw.githubusercontent.com/magetanciti/magetanciti.github.io/main/file/PETA%20BATAS%20KELURAHAN_33.74.13.1006.pdf
Pedurungan;Kalicari;-;Kelurahan Tlogosari Kulon;Kelurahan Palebon;Kelurahan Gemah;Kelurahan Gayamsari dan Siwalan;-;1.42;9755;https://raw.githubusercontent.com/magetanciti/magetanciti.github.io/main/file/PETA%20BATAS%20KELURAHAN_33.74.06.1012.pdf
Semarang Barat;Bojongsalaman;-;Kelurahan Cabean;Kelurahan Bulustalan dan Barusari;Kelurahan Ngemplak Simongan dan Bongsari;Kelurahan Salamanmloyo;-;0.6;8052;https://raw.githubusercontent.com/magetanciti/magetanciti.github.io/main/file/PETA%20BATAS%20KELURAHAN_33.74.13.1009.pdf
Semarang Tengah;Pekunden;-;Kelurahan Miroto dan Kelurahan Brumbungan;Kelurahan Karang Kidul;Kelurahan Mugasari, Pleburan, dan Randusari;Kelurahan Randusari dan Sekayu;-;0.52;3206;https://raw.githubusercontent.com/magetanciti/magetanciti.github.io/main/file/PETA%20BATAS%20KELURAHAN_33.74.01.1013.pdf
Semarang Selatan;Randusari;-;Kelurahan Pekunden, Pindrikan Kidul, dan Sekayu;Kelurahan Mugasari;Kelurahan Lempongsari, Bendungan, dan Kelurahan Petompon;Kelurahan Barusari;-;0.86;7243;https://raw.githubusercontent.com/magetanciti/magetanciti.github.io/main/file/PETA%20BATAS%20KELURAHAN_33.74.07.1001.pdf
Semarang Selatan;Barusari;-;Kelurahan Pindrikan Kidul dan Randusari;Kelurahan Randusari;Kelurahan Petompon;Kelurahan Bulustalan, Bojongsalaman, dan Ngemplak Simongan;-;0.53;5860;https://raw.githubusercontent.com/magetanciti/magetanciti.github.io/main/file/PETA%20BATAS%20KELURAHAN_33.74.07.1003.pdf
Pedurungan;Tlogomulyo;-;Kelurahan Bangetayu Wetan dan Bangetayu Kulon;Kelurahan Penggaron Kidul;Kelurahan Pedurungan Lor dan Pedurungan Tengah;Kelurahan Tlogosari Wetan;-;2.09;17611;https://raw.githubusercontent.com/magetanciti/magetanciti.github.io/main/file/PETA%20BATAS%20KELURAHAN_33.74.06.1002.pdf
Ngaliyan;Gondoriyo;-;Kelurahan Wonosari dan Tambakaji;Kelurahan Bringin;Kelurahan Wates;Kelurahan Podorejo;-;5.48;8328;https://raw.githubusercontent.com/magetanciti/magetanciti.github.io/main/file/PETA%20BATAS%20KELURAHAN_33.74.15.1001.pdf
Semarang Barat;Salamanmloyo;-;Kelurahan Karangayu;Kelurahan Cabean dan Bojongsalaman;Kelurahan Bongsari;Kelurahan Gisikdrono;-;0.47;3275;https://raw.githubusercontent.com/magetanciti/magetanciti.github.io/main/file/PETA%20BATAS%20KELURAHAN_33.74.13.1010.pdf
Ngaliyan;Podorejo;-;Kelurahan Wonosari dan Kabupaten Kendal;Kelurahan Gondoriyo, Pesantren, dan Wates;Kelurahan Ngadirgo, Pesantren, dan Wonoplumbon;Kabupaten Kendal dan Kelurahan Wonoplumbon;-;8.52;10236;https://raw.githubusercontent.com/magetanciti/magetanciti.github.io/main/file/PETA%20BATAS%20KELURAHAN_33.74.15.1002.pdf
Semarang Selatan;Bulustalan;-;Kelurahan Pindrikan Kidul dan Pindrikan Lor;Kelurahan Barusari;Kelurahan Barusari;Kelurahan Bojongsalaman dan Cabean;-;0.31;4253;https://raw.githubusercontent.com/magetanciti/magetanciti.github.io/main/file/PETA%20BATAS%20KELURAHAN_33.74.07.1002.pdf
Semarang Barat;Cabean;-;Kelurahan Krobokan;Kelurahan Bulustalan;Kelurahan Bojongsalaman;Kelurahan Salamanmloyo;-;0.22;2643;https://raw.githubusercontent.com/magetanciti/magetanciti.github.io/main/file/PETA%20BATAS%20KELURAHAN_33.74.13.1011.pdf
Semarang Tengah;Brumbungan;-;Kelurahan Gabahan;Kelurahan Jagalan;Kelurahan Pekunden;Kelurahan Miroto;-;0.35;3638;https://raw.githubusercontent.com/magetanciti/magetanciti.github.io/main/file/PETA%20BATAS%20KELURAHAN_33.74.01.1002.pdf
Semarang Tengah;Miroto;-;Kelurahan Sekayu dan Kembangsari;Kelurahan Gabahan dan Brumbungan;Kelurahan Pekunden;Kelurahan Pekunden;-;0.35;4483;https://raw.githubusercontent.com/magetanciti/magetanciti.github.io/main/file/PETA%20BATAS%20KELURAHAN_33.74.01.1001.pdf
Semarang Barat;Krapyak;-;Kelurahan Tambakharjo;Kelurahan Kalibanteng Kulon;Kelurahan Kembangarum dan Purwoyoso;Kelurahan Jerakah;-;0.92;6002;https://raw.githubusercontent.com/magetanciti/magetanciti.github.io/main/file/PETA%20BATAS%20KELURAHAN_33.74.13.1003.pdf
Semarang Barat;Kalibanteng Kulon;-;Kelurahan Tambakharjo;Kelurahan Tawangsari, Kalibanteng Kidul, dan Gisikdrono;Kelurahan Kalibanteng Kidul dan Kembangarum;Kelurahan Krapyak dan Kembangarum;-;0.98;6620;https://raw.githubusercontent.com/magetanciti/magetanciti.github.io/main/file/PETA%20BATAS%20KELURAHAN_33.74.13.1005.pdf
Pedurungan;Tlogosari Wetan;-;Kelurahan Bangetayu Kulon;Kelurahan Tlogomulyo;Kelurahan Pedurungan Tengah dan Muktiharjo Kidul;Kelurahan Tlogosari Kulon;-;1.25;9965;https://raw.githubusercontent.com/magetanciti/magetanciti.github.io/main/file/PETA%20BATAS%20KELURAHAN_33.74.06.1003.pdf
Semarang Tengah;Pindrikan Kidul;-;Kelurahan Pindrikan Lor;Kelurahan Sekayu;Kelurahan Randusari, Barusari, dan Bulustalan;Kelurahan Pindrikan Lor;-;0.38;2557;https://raw.githubusercontent.com/magetanciti/magetanciti.github.io/main/file/PETA%20BATAS%20KELURAHAN_33.74.01.1014.pdf
Semarang Tengah;Gabahan;-;Kelurahan Banguharjo dan Kelurahan Kranggan;Kelurahan Jagalan;Kelurahan Brumbungan;Kelurahan Miroto;-;0.26;7036;https://raw.githubusercontent.com/magetanciti/magetanciti.github.io/main/file/PETA%20BATAS%20KELURAHAN_33.74.01.1005.pdf
Ngaliyan;Tambakaji;-;Kelurahan Karanganyar, Jerakah, dan Tugurejo;Kelurahan Purwoyoso dan Ngaliyan;Kelurahan Bringin, Ngaliyan, dan Gondoriyo;Kelurahan Wonosari;-;4.37;20905;https://raw.githubusercontent.com/magetanciti/magetanciti.github.io/main/file/PETA%20BATAS%20KELURAHAN_33.74.15.1008.pdf
Genuk;Bangetayu Wetan;-;Kelurahan Sembungharjo;Kelurahan Penggaron Lor;Kelurahan Tlogomulyo;Kelurahan Bangetayu Kulon;-;2.08;16060;https://raw.githubusercontent.com/magetanciti/magetanciti.github.io/main/file/PETA%20BATAS%20KELURAHAN_33.74.05.1011.pdf
Pedurungan;Tlogosari Kulon;-;Kelurahan Muktiharjo Kidul;Kelurahan Tlogosari Wetan dan Pedurungan Tengah;Kelurahan Palebon dan Kalicari;Kelurahan Siwalan;-;2.43;32305;https://raw.githubusercontent.com/magetanciti/magetanciti.github.io/main/file/PETA%20BATAS%20KELURAHAN_33.74.06.1004.pdf
Semarang Timur;Sarirejo;-;Kelurahan Kebonagung;Kelurahan Rejosari;Kelurahan Karangturi;Kelurahan Jagalan;-;0.41;7519;https://raw.githubusercontent.com/magetanciti/magetanciti.github.io/main/file/PETA%20BATAS%20KELURAHAN_33.74.03.1007.pdf
Semarang Barat;Gisikdrono;-;Kelurahan Tawangmas dan Tawangsari;Kelurahan Karangayu, Salamanmloyo, dan Bongsari;Kelurahan Manyaran dan Ngemplak Simongan;Kelurahan Kalibanteng Kidul, Kalibanteng Kulon, dan Tawangsari;-;1.32;18593;https://raw.githubusercontent.com/magetanciti/magetanciti.github.io/main/file/PETA%20BATAS%20KELURAHAN_33.74.13.1007.pdf
Genuk;Penggaron Lor;-;Kelurahan Kudu;Kabupaten Demak;Kelurahan Penggaron Kidul;Kelurahan Bangetayu Wetan dan Kelurahan Sembungharjo;-;1.43;6803;https://raw.githubusercontent.com/magetanciti/magetanciti.github.io/main/file/PETA%20BATAS%20KELURAHAN_33.74.05.1008.pdf
Semarang Barat;Karangayu;-;Kelurahan Tawangmas;Kelurahan Krobokan;Kelurahan Salamamloyo;Kelurahan Gisikdrono;-;0.54;7312;https://raw.githubusercontent.com/magetanciti/magetanciti.github.io/main/file/PETA%20BATAS%20KELURAHAN_33.74.13.1012.pdf
Semarang Tengah;Kranggan;-;Kelurahan Kauman;Kelurahan Jagalan;Kelurahan Gabahan;Kelurahan Bangunharjo;-;0.28;3709;https://raw.githubusercontent.com/magetanciti/magetanciti.github.io/main/file/PETA%20BATAS%20KELURAHAN_33.74.01.1004.pdf
Semarang Tengah;Jagalan;-;Kelurahan Purwodinatan;Kelurahan Sarirejo dan Kebonagung;Kelurahan Karang Kidul;Kelurahan Kranggan, Gabahan, dan Brumbungan;-;0.33;5219;https://raw.githubusercontent.com/magetanciti/magetanciti.github.io/main/file/PETA%20BATAS%20KELURAHAN_33.74.01.1003.pdf
Semarang Timur;Rejosari;-;Kelurahan Bugangan;Kelurahan Sambirejo;Kelurahan Karangtempel;Kelurahan Sarirejo;-;0.81;14507;https://raw.githubusercontent.com/magetanciti/magetanciti.github.io/main/file/PETA%20BATAS%20KELURAHAN_33.74.03.1008.pdf
Semarang Tengah;Pindrikan Lor;-;Kelurahan Bulu Lor dan Kelurahan Plombokan;Kelurahan Sekayu dan Purwosari;Kelurahan Pindrikan Kidul dan Bulustalan;Kelurahan Krobokan;-;0.33;5125;https://raw.githubusercontent.com/magetanciti/magetanciti.github.io/main/file/PETA%20BATAS%20KELURAHAN_33.74.01.1015.pdf
Semarang Tengah;Kembangsari;-;Kelurahan Pandansari;Kelurahan Bangunharjo;Kelurahan Miroto;Kelurahan Sekayu;-;0.29;3574;https://raw.githubusercontent.com/magetanciti/magetanciti.github.io/main/file/PETA%20BATAS%20KELURAHAN_33.74.01.1006.pdf
Semarang Tengah;Sekayu;-;Kelurahan Purwosari;Kelurahan Pandansari dan Kelurahan Kembangsari;Kelurahan Miroto, Pekunden, dan Randusari;Kelurahan Pindrikan Kidul dan Pindrikan Lor;-;0.62;3273;https://raw.githubusercontent.com/magetanciti/magetanciti.github.io/main/file/PETA%20BATAS%20KELURAHAN_33.74.01.1007.pdf
Gayamsari;Siwalan;-;Kelurahan Sawah Besar;Kelurahan Muktiharjo Kidul, Tlogosari Kulon, dan Kalicari;Kelurahan Gayamsari;Kelurahan Sambirejo dan Sawah Besar;-;0.54;8063;https://raw.githubusercontent.com/magetanciti/magetanciti.github.io/main/file/PETA%20BATAS%20KELURAHAN_33.74.04.1005.pdf
Gayamsari;Sambirejo;-;Kelurahan Sawah Besar;Kelurahan Siwalan;Kelurahan Pandean Lamper;Kelurahan Rejosari, Karangtempel, dan Bugangan;-;1.15;8328;https://raw.githubusercontent.com/magetanciti/magetanciti.github.io/main/file/PETA%20BATAS%20KELURAHAN_33.74.04.1004.pdf
Semarang Tengah;Bangunharjo;-;Kelurahan Pandansari;Kelurahan Kauman dan Kranggan;Kelurahan Gabahan;Kelurahan Kembangsari;-;0.22;2183;https://raw.githubusercontent.com/magetanciti/magetanciti.github.io/main/file/PETA%20BATAS%20KELURAHAN_33.74.01.1009.pdf
Semarang Barat;Krobokan;-;Kelurahan Tawangmas;Kelurahan Bulu Lor dan Pindrikan Lor;Kelurahan Cabean;Kelurahan Karangayu dan Tawangmas;-;0.87;14042;https://raw.githubusercontent.com/magetanciti/magetanciti.github.io/main/file/PETA%20BATAS%20KELURAHAN_33.74.13.1013.pdf
Semarang Timur;Kebonagung;-;Kelurahan Rejomulyo;Kelurahan Bugangan;Kelurahan Sarirejo;Kelurahan Purwodinatan dan Jagalan;-;0.24;4173;https://raw.githubusercontent.com/magetanciti/magetanciti.github.io/main/file/PETA%20BATAS%20KELURAHAN_33.74.03.1004.pdf
Semarang Timur;Bugangan;-;Kelurahan Mlatibaru dan Mlatiharjo;Kelurahan Sambirejo;Kelurahan Rejosari;Kelurahan Kebonagung dan Sarirejo;-;0.51;7394;https://raw.githubusercontent.com/magetanciti/magetanciti.github.io/main/file/PETA%20BATAS%20KELURAHAN_33.74.03.1006.pdf
Genuk;Bangetayu Kulon;-;Kelurahan Gebangsari dan Genuksari;Kelurahan Sembungharjo dan Bangetayu Wetan;Kelurahan Tlogosari Wetan, Tlogomulyo, dan Muktiharjo Kidul;Kelurahan Muktiharjo Kidul dan Muktiharjo Lor;-;1.99;19899;https://raw.githubusercontent.com/magetanciti/magetanciti.github.io/main/file/PETA%20BATAS%20KELURAHAN_33.74.05.1010.pdf
Genuk;Sembungharjo;-;Kelurahan Banjardowo dan Kelurahan Karangroto;Kelurahan Penggaron Lor;Kelurahan Bangetayu Wetan;Kelurahan Bangetayu Kulon dan Kelurahan Genuksari;-;2.15;15625;https://raw.githubusercontent.com/magetanciti/magetanciti.github.io/main/file/PETA%20BATAS%20KELURAHAN_33.74.05.1001.pdf
Semarang Tengah;Pandansari;-;Kelurahan Purwosari dan Kelurahan Dadapsari;Kelurahan Dadapsari;Kelurahan Kembangsari, Bangunharjo, dan Kauman;Kelurahan Sekayu;-;0.29;2265;https://raw.githubusercontent.com/magetanciti/magetanciti.github.io/main/file/PETA%20BATAS%20KELURAHAN_33.74.01.1008.pdf
Semarang Tengah;Kauman;-;Kelurahan Pandansari dan Dadapsari;Kelurahan Purwodinatan;Kelurahan Kranggan;Kelurahan Bangunharjo;-;0.23;2225;https://raw.githubusercontent.com/magetanciti/magetanciti.github.io/main/file/PETA%20BATAS%20KELURAHAN_33.74.01.1010.pdf
Ngaliyan;Wonosari;-;Kelurahan Mangkang Kulon, Mangunharjo, Mangkang Wetan, Randugarut, dan Karanganyar;Kelurahan Tambakaji;Kelurahan Gondoriyo dan Podorejo;Kabupaten Kendal;-;5.49;24331;https://raw.githubusercontent.com/magetanciti/magetanciti.github.io/main/file/PETA%20BATAS%20KELURAHAN_33.74.15.1009.pdf
Semarang Utara;Bulu Lor;-;Kelurahan Panggung Kidul;Kelurahan Plombokan;Kelurahan Pindrikan Lor;Kelurahan Krobokan;-;0.68;13839;https://raw.githubusercontent.com/magetanciti/magetanciti.github.io/main/file/PETA%20BATAS%20KELURAHAN_33.74.02.1002.pdf
Semarang Tengah;Purwodinatan;-;Kelurahan Tanjung Mas;Kelurahan Rejomulyo dan Kebonagung;Kelurahan Jagalan;Kelurahan Kauman;-;0.39;4085;https://raw.githubusercontent.com/magetanciti/magetanciti.github.io/main/file/PETA%20BATAS%20KELURAHAN_33.74.01.1011.pdf
Semarang Utara;Purwosari;-;Kelurahan Kuningan;Kelurahan Dadapsari;Kelurahan Pandansari, Pindrikan Lor, dan Sekayu;Kelurahan Plombokan;-;0.48;8082;https://raw.githubusercontent.com/magetanciti/magetanciti.github.io/main/file/PETA%20BATAS%20KELURAHAN_33.74.02.1004.pdf
Gayamsari;Sawah Besar;-;Kelurahan Kaligawe;Kelurahan Muktiharjo Kidul;Kelurahan Sambirejo dan Kelurahan Siwalan;Kelurahan Mlatiharjo;-;0.62;9139;https://raw.githubusercontent.com/magetanciti/magetanciti.github.io/main/file/PETA%20BATAS%20KELURAHAN_33.74.04.1003.pdf
Semarang Utara;Plombokan;-;Kelurahan Panggung Kidul;Kelurahan Purwosari;Kelurahan Pindrikan Lor;Kelurahan Bulu Lor;-;0.57;7921;https://raw.githubusercontent.com/magetanciti/magetanciti.github.io/main/file/PETA%20BATAS%20KELURAHAN_33.74.02.1003.pdf
Tugu;Jerakah;-;Kelurahan Tambakharjo;Kelurahan Tambakharjo dan Krapyak;Kelurahan Purwoyoso dan Tambakaji;Kelurahan Tugurejo;-;1.19;3189;https://raw.githubusercontent.com/magetanciti/magetanciti.github.io/main/file/PETA%20BATAS%20KELURAHAN_33.74.16.1001.pdf
Semarang Utara;Dadapsari;-;Kelurahan Kuningan;Kelurahan Bandarharjo dan Tanjung Mas;Kelurahan Pandansari dan Kauman;Kelurahan Purwosari;-;0.4;8271;https://raw.githubusercontent.com/magetanciti/magetanciti.github.io/main/file/PETA%20BATAS%20KELURAHAN_33.74.02.1009.pdf
Semarang Utara;Panggung Kidul;-;Kelurahan Panggung Lor;Kelurahan Kuningan;Kelurahan Plombokan dan Bulu Lor;Kelurahan Tawangmas;-;0.45;6073;https://raw.githubusercontent.com/magetanciti/magetanciti.github.io/main/file/PETA%20BATAS%20KELURAHAN_33.74.02.1007.pdf
Pedurungan;Muktiharjo Kidul;-;Kelurahan Muktiharjo Lor dan Bangetayu Kulon;Kelurahan Bangetayu Kulon dan Tlogosari Wetan;Kelurahan Tlogosari Kulon;Kelurahan Sawah Besar, Siwalan, dan Kaligawe;-;2.14;33847;https://raw.githubusercontent.com/magetanciti/magetanciti.github.io/main/file/PETA%20BATAS%20KELURAHAN_33.74.06.1005.pdf
Tugu;Karanganyar;-;Laut Jawa;Kelurahan Tugurejo;Kelurahan Wonosari dan Tambakaji;Kelurahan Randugarut;-;4.46;4088;https://raw.githubusercontent.com/magetanciti/magetanciti.github.io/main/file/PETA%20BATAS%20KELURAHAN_33.74.16.1003.pdf
Tugu;Randugarut;-;Laut Jawa;Kelurahan Karanganyar;Kelurahan Wonosari;Kelurahan Mangkang Wetan;-;5;2305;https://raw.githubusercontent.com/magetanciti/magetanciti.github.io/main/file/PETA%20BATAS%20KELURAHAN_33.74.16.1004.pdf
Semarang Timur;Mlatibaru;-;Kelurahan Rejomulyo dan Kemijen;Kelurahan Mlatiharjo;Kelurahan Bugangan;Kelurahan Rejomulyo;-;0.52;6232;https://raw.githubusercontent.com/magetanciti/magetanciti.github.io/main/file/PETA%20BATAS%20KELURAHAN_33.74.03.1003.pdf
Semarang Timur;Rejomulyo;-;Kelurahan Kemijen;Kelurahan Mlatibaru;Kelurahan Kebonagung;Kelurahan Purwodinatan dan Tanjung Mas;-;0.38;3633;https://raw.githubusercontent.com/magetanciti/magetanciti.github.io/main/file/PETA%20BATAS%20KELURAHAN_33.74.03.1002.pdf
Semarang Timur;Mlatiharjo;-;Kelurahan Kemijen;Kelurahan Sawah Besar dan Kaligawe;Kelurahan Bugangan;Kelurahan Mlatibaru;-;0.47;4785;https://raw.githubusercontent.com/magetanciti/magetanciti.github.io/main/file/PETA%20BATAS%20KELURAHAN_33.74.03.1005.pdf
Tugu;Tugurejo;-;Laut Jawa;Kelurahan Jekarah dan Tambakharjo;Kelurahan Tambakaji;Kelurahan Karanganyar;-;5.43;7498;https://raw.githubusercontent.com/magetanciti/magetanciti.github.io/main/file/PETA%20BATAS%20KELURAHAN_33.74.16.1002.pdf
Gayamsari;Kaligawe;-;Kelurahan Tambakrejo;Kelurahan Muktiharjo Lor dan Muktiharjo Kidul;Kelurahan Sawah Besar;Kelurahan Mlatiharjo;-;0.84;10237;https://raw.githubusercontent.com/magetanciti/magetanciti.github.io/main/file/PETA%20BATAS%20KELURAHAN_33.74.04.1002.pdf
Genuk;Muktiharjo Lor;-;Kelurahan Terboyo Kulon;Kelurahan Gebangsari;Kelurahan Bangetayu Kulon dan Muktiharjo Kidul;Kelurahan Kaligawe;-;1.39;3873;https://raw.githubusercontent.com/magetanciti/magetanciti.github.io/main/file/PETA%20BATAS%20KELURAHAN_33.74.05.1009.pdf
Genuk;Gebangsari;-;Kelurahan Terboyo Wetan dan Terboyo kulon;Kelurahan Genuksari;Kelurahan Bangetayu Kulon;Kelurahan Muktiharjo Lor;-;1.26;5046;https://raw.githubusercontent.com/magetanciti/magetanciti.github.io/main/file/PETA%20BATAS%20KELURAHAN_33.74.05.1006.pdf
Genuk;Kudu;-;Kabupaten Demak;Kabupaten Demak;Kelurahan Penggaron Lor;Kelurahan Karangroto;-;2.02;11584;https://raw.githubusercontent.com/magetanciti/magetanciti.github.io/main/file/PETA%20BATAS%20KELURAHAN_33.74.05.1002.pdf
Semarang Utara;Kuningan;-;Kelurahan Bandarharjo;Kelurahan Bandarharjo;Kelurahan Dadapsari dan Purwosari;Kelurahan Panggung Kidul dan Panggung Lor;-;0.85;14128;https://raw.githubusercontent.com/magetanciti/magetanciti.github.io/main/file/PETA%20BATAS%20KELURAHAN_33.74.02.1005.pdf
Semarang Barat;Tawangmas;-;Kelurahan Tawangsari;Kelurahan Panggung Lor, Bulu Lor, dan Panggung Kidul;Kelurahan Krobokan, Gisikdrono, dan Karangayu;Kelurahan Tawangsari;-;1.38;7287;https://raw.githubusercontent.com/magetanciti/magetanciti.github.io/main/file/PETA%20BATAS%20KELURAHAN_33.74.13.1015.pdf
Tugu;Mangunharjo;-;Laut Jawa;Kelurahan Mangkang Wetan;Kelurahan Wonosari;Kelurahan Mangkang Kulon;-;4.66;6614;https://raw.githubusercontent.com/magetanciti/magetanciti.github.io/main/file/PETA%20BATAS%20KELURAHAN_33.74.16.1007.pdf
Genuk;Karangroto;-;Kabupaten Demak;Kelurahan Kudu;Kelurahan Sembungharjo;Kelurahan Banjardowo;-;2.17;16184;https://raw.githubusercontent.com/magetanciti/magetanciti.github.io/main/file/PETA%20BATAS%20KELURAHAN_33.74.05.1003.pdf
Tugu;Mangkang Wetan;-;Laut Jawa;Kelurahan Randugarut;Kelurahan Wonosari;Kelurahan Mangunharjo;-;3.96;6301;https://raw.githubusercontent.com/magetanciti/magetanciti.github.io/main/file/PETA%20BATAS%20KELURAHAN_33.74.16.1005.pdf
Genuk;Genuksari;-;Kelurahan Trimulyo dan Terboyo Wetan;Kelurahan Banjardowo dan Sembungharjo;Kelurahan Bangetayu Kulon;Kelurahan Gebangsari;-;2.26;17886;https://raw.githubusercontent.com/magetanciti/magetanciti.github.io/main/file/PETA%20BATAS%20KELURAHAN_33.74.05.1004.pdf
Semarang Timur;Kemijen;-;Kelurahan Tanjung Mas;Kelurahan Tambakrejo;Kelurahan Rejomulyo, Mlatibaru, dan Mlatiharjo;Kelurahan Tanjung Mas;-;1.21;31413;https://raw.githubusercontent.com/magetanciti/magetanciti.github.io/main/file/PETA%20BATAS%20KELURAHAN_33.74.03.1001.pdf
Genuk;Banjardowo;-;Kelurahan Trimulyo;Kelurahan Karangroto dan Kabupaten Demak;Kelurahan Sembungharjo;Kelurahan Genuksari;-;2.55;11567;https://raw.githubusercontent.com/magetanciti/magetanciti.github.io/main/file/PETA%20BATAS%20KELURAHAN_33.74.05.1005.pdf
Genuk;Terboyo Kulon;-;Laut Jawa;Kelurahan Terboyo Wetan;Kelurahan Muktiharjo Lor dan Gebangsari;Kelurahan Tanjung Mas dan Tambakrejo;-;2.75;566;https://raw.githubusercontent.com/magetanciti/magetanciti.github.io/main/file/PETA%20BATAS%20KELURAHAN_33.74.05.1012.pdf
Semarang Barat;Tambakharjo;-;Laut Jawa;Kelurahan Tawangsari;Kelurahan Kalibanteng Kulon, Tawangsari, dan Krapyak;Kelurahan Jerakah dan Tugurejo;-;8.07;3423;https://raw.githubusercontent.com/magetanciti/magetanciti.github.io/main/file/PETA%20BATAS%20KELURAHAN_33.74.13.1004.pdf
Semarang Barat;Tawangsari;-;Laut Jawa;Kelurahan Panggung Lor dan Tawangmas;Kelurahan Gisikdrono dan Kalibanteng Kulon;Kelurahan Tambakharjo;-;3.83;6512;https://raw.githubusercontent.com/magetanciti/magetanciti.github.io/main/file/PETA%20BATAS%20KELURAHAN_33.74.13.1014.pdf
Genuk;Terboyo Wetan;-;Laut Jawa;Kelurahan Trimulyo;Kelurahan Gebangsari dan Genuksari;Kelurahan Terboyo kulon;-;1.95;1416;https://raw.githubusercontent.com/magetanciti/magetanciti.github.io/main/file/PETA%20BATAS%20KELURAHAN_33.74.05.1013.pdf
Semarang Utara;Panggung Lor;-;Laut Jawa;Kelurahan Bandarharjo dan Kuningan;Kelurahan Panggung Kidul;Kelurahan Tawangmas dan Tawangsari;-;2.41;12461;https://raw.githubusercontent.com/magetanciti/magetanciti.github.io/main/file/PETA%20BATAS%20KELURAHAN_33.74.02.1006.pdf
Gayamsari;Tambakrejo;-;Kelurahan Terboyo Kulon;Kelurahan Terboyo Kulon;Kelurahan Kaligawe;Kelurahan Kemijen;-;1.02;9498;https://raw.githubusercontent.com/magetanciti/magetanciti.github.io/main/file/PETA%20BATAS%20KELURAHAN_33.74.04.1001.pdf
Semarang Utara;Bandarharjo;-;Laut Jawa;Kelurahan Tanjung Mas;Kelurahan Dadapsari;Kelurahan Panggung Lor dan Kuningan;-;2.24;19757;https://raw.githubusercontent.com/magetanciti/magetanciti.github.io/main/file/PETA%20BATAS%20KELURAHAN_33.74.02.1001.pdf
Tugu;Mangkang Kulon;-;Laut Jawa;Kelurahan Mangunharjo;Kelurahan Wonosari;Kabupaten Kendal;-;4.51;3853;https://raw.githubusercontent.com/magetanciti/magetanciti.github.io/main/file/PETA%20BATAS%20KELURAHAN_33.74.16.1006.pdf
Semarang Utara;Tanjung Mas;-;Laut Jawa;Kelurahan Terboyo Kulon, Rejomulyo, dan Kemijen;Kelurahan Purwodinatan;Kelurahan Bandarharjo;-;3.95;27108;https://raw.githubusercontent.com/magetanciti/magetanciti.github.io/main/file/PETA%20BATAS%20KELURAHAN_33.74.02.1008.pdf
Genuk;Trimulyo;-;Laut Jawa;Kabupaten Demak;Kelurahan Genuksari dan Banjardowo;Kelurahan Terboyo Wetan;-;3.34;3640;https://raw.githubusercontent.com/magetanciti/magetanciti.github.io/main/file/PETA%20BATAS%20KELURAHAN_33.74.05.1007.pdf
